{
  "scenario": {
    "shape": [50, 50],
    "origin": [0, 0],
    "wrapped": false
  },
  "cells": {
    "default": {
      "delay": "inertial",
      "model": "forestfire",
      "state": { "temp": 300.0, "fire_status": 1, "t_ig": 0.0 },
      "config": {"wind": 90, "windspeed":0},
      "neighborhood": [{"type":"relative","vicinity": 0.98689,"neighbors":[[0,0]]},
                        {"type":"relative","vicinity": 0.002325,"neighbors":[[-1, 0],[1, 0],[0,-1],[0,1]]},
                        {"type":"relative","vicinity": 0.000775,"neighbors":[[1,1],[1,-1],[-1,1],[-1,-1]]}
      ]
    },
    "burning": {
      "state": { "temp": 580.0, "fire_status": 3, "t_ig": 1.0, "sigma": 1.0},
      "cell_map": [[22,22],[22,23],[22,24],[22,25],[22,26],[22,27],[23,22],[23,23],[23,24],[23,25],[23,26],[23,27],[24,22],[24,23],[24,24],[24,25],[24,26],[24,27],[25,22],[25,23],[25,24],[25,25],[25,26],[25,27],[26,22],[26,23],[26,24],[26,25],[26,26],[26,27],[27,22],[27,23],[27,24],[27,25],[27,26],[27,27]]
    },
    "border": {
      "state": { "temp": 300.0, "fire_status": 0, "t_ig": 0.0, "sigma": 1.0},
      "cell_map": [[0,0],[1,0],[0,1],[49,1],[1,49],[2,0],[0,2],[49,2],[2,49],[3,0],[0,3],[49,3],[3,49],[4,0],[0,4],[49,4],[4,49],[5,0],[0,5],[49,5],[5,49],[6,0],[0,6],[49,6],[6,49],[7,0],[0,7],[49,7],[7,49],[8,0],[0,8],[49,8],[8,49],[9,0],[0,9],[49,9],[9,49],[10,0],[0,10],[49,10],[10,49],[11,0],[0,11],[49,11],[11,49],[12,0],[0,12],[49,12],[12,49],[13,0],[0,13],[49,13],[13,49],[14,0],[0,14],[49,14],[14,49],[15,0],[0,15],[49,15],[15,49],[16,0],[0,16],[49,16],[16,49],[17,0],[0,17],[49,17],[17,49],[18,0],[0,18],[49,18],[18,49],[19,0],[0,19],[49,19],[19,49],[20,0],[0,20],[49,20],[20,49],[21,0],[0,21],[49,21],[21,49],[22,0],[0,22],[49,22],[22,49],[23,0],[0,23],[49,23],[23,49],[24,0],[0,24],[49,24],[24,49],[25,0],[0,25],[49,25],[25,49],[26,0],[0,26],[49,26],[26,49],[27,0],[0,27],[49,27],[27,49],[28,0],[0,28],[49,28],[28,49],[29,0],[0,29],[49,29],[29,49],[30,0],[0,30],[49,30],[30,49],[31,0],[0,31],[49,31],[31,49],[32,0],[0,32],[49,32],[32,49],[33,0],[0,33],[49,33],[33,49],[34,0],[0,34],[49,34],[34,49],[35,0],[0,35],[49,35],[35,49],[36,0],[0,36],[49,36],[36,49],[37,0],[0,37],[49,37],[37,49],[38,0],[0,38],[49,38],[38,49],[39,0],[0,39],[49,39],[39,49],[40,0],[0,40],[49,40],[40,49],[41,0],[0,41],[49,41],[41,49],[42,0],[0,42],[49,42],[42,49],[43,0],[0,43],[49,43],[43,49],[44,0],[0,44],[49,44],[44,49],[45,0],[0,45],[49,45],[45,49],[46,0],[0,46],[49,46],[46,49],[47,0],[0,47],[49,47],[47,49],[48,0],[0,48],[49,48],[48,49],[49,0],[0,49],[49,49]] 
    } 
  },
  "viewer": [
    {
        "colors": [[0, 204, 0], [34, 255, 0], [68, 255, 0], [102, 255, 0], [136, 255, 0], [170, 255, 0], [204, 255, 0], [238, 255, 0], [255, 255, 0], [255, 238, 0], [255, 221, 0], [255, 204, 0], [255, 179, 0], [255, 153, 0], [255, 128, 0], [255, 102, 0], [255, 76, 0], [255, 51, 0], [255, 25, 0], [255, 0, 0], [238, 0, 0], [221, 0, 0], [204, 0, 0], [187, 0, 0], [170, 0, 0], [153, 0, 0], [136, 0, 0], [119, 0, 0], [102, 0, 0], [76, 0, 76]],
        "breaks": [0, 323, 348, 373, 398, 423, 448, 473, 498, 523, 548, 573, 598, 623, 648, 673, 698, 723, 748, 773, 798, 823, 848, 873, 898, 923, 948, 973, 998, 1023, 3000],
        "field": "temp"
    }
  ]
}